State,TotalPop,TotalMale,%TotalMale,TotalFemale,%TotalFemale,Under5,%Under5,5to9,%5to9,10to14,%10to14,15to19,%15to19,20to24,%20to24,25to34,%25to34,35to44,%35to44,45to54,%45to54,55to59,%55to59,60to64,%60to64,65to74,%65to74,75to84,%75to84,85andover,%85andover,18andover,%18andover,18andoverMale,%18andoverMale,18andoverFemale,%18andoverFemale,65andover,%65andover,65andoverMale,%65andoverMale,65andoverFemale,%65andoverFemale,Onerace,%Onerace,White,%White,BlackorAfricanAmerican,%BlackorAfricanAmerican,AmericanIndianandAlaskaNative,%AmericanIndianandAlaskaNative,Asian,%Asian,NativeHawaiianandOtherPacificIslander,%NativeHawaiianandOtherPacificIslander,HispanicLatino,%HispanicLatino,Someotherrace,%Someotherrace,Twoormoreraces,%Twoormoreraces,BelowPovertyLevel,AtAbovePovertyLevel,LessHighSchool,HighSchoolGraduate,SomeCollege/Associates,Bachelors+,Employment16to19,Employment20to24,Employment25to29,Employment30to34,Employment35to44,Employment45to54,Employment55to59,Employment60to64,Employment65to74,Employment75andover,Employment20to64,Employment20to64Male,Employment20to64Female,EmploymentBelowpovertylevel,EmploymentAtAbovePovertyLevel,Employment25to64,EmploymentLessHighSchool,EmploymentHighSchool,EmploymentSomeCollege/Associates,EmploymentBachelors+,Unemployment16to19,Unemployment20to24,Unemployment25to29,Unemployment30to34,Unemployment35to44,Unemployment45to54,Unemployment55to59,Unemployment60to64,Unemployment65to74,Unemployment75andover,Unemployment20to64,Unemployment20to64Male,Unemployment20to64Female,UnemploymentBelowPovertyLevel,UnemploymentAtAbovePovertyLevel,Unemployment,UnemploymentLessHighSchool,UnemploymentHighSchool,UnemploymentSomeCollege/Associates,UnemploymentBachelors+
Arizona,6828065,3387385,49.6,3440680,50.4,429860,6.3,456155,6.7,460054,6.7,464814,6.8,480228,7,914761,13.4,845274,12.4,842972,12.3,415824,6.1,398119,5.8,652858,9.6,335901,4.9,131245,1.9,5206537,5206537,2561598,49.2,2644939,50.8,1120004,1120004,515072,46,604932,54,6605619,96.7,5285994,77.4,300685,4.4,308469,4.5,217556,3.2,11284,0.2,2098411,30.7,481631,7.1,222446,3.3,622528,3186170,478515,812243,1180579,945613,29.1,65.3,72.1,72.2,74,73.9,63.8,48.3,19.3,4.8,68.8,73.3,64.2,38.1,76.5,69.2,54.6,62.8,71.3,79.7,23,11,7.9,6.4,5,4.5,5.4,4.5,5.2,4,6.2,6,6.3,22.1,4.2,5.5,8.9,7,5.5,3.2
California,39144818,19440558,49.7,19704260,50.3,2507649,6.4,2540713,6.5,2519716,6.4,2606760,6.7,2884717,7.4,5832712,14.9,5190370,13.3,5243141,13.4,2480156,6.3,2149326,5.5,2981899,7.6,1518127,3.9,689532,1.8,30028400,30028400,14786858,49.2,15241542,50.8,5189558,5189558,2298554,44.3,2891004,55.7,37391047,95.5,23824254,60.9,2277229,5.8,282777,0.7,5548936,14.2,157554,0.4,15184545,38.8,5300297,13.5,1753771,4.5,3270091,20136836,3576743,4302508,6163685,6852769,21.2,60.5,73.1,75.8,76,74.6,66.9,52.7,24.7,5.9,70.4,76,64.7,38.4,76.7,71.7,59.5,66,71.9,81.5,25.9,12.8,8.3,6.2,5.5,5.6,5.8,5.1,4.5,5.3,6.8,6.7,7,23.3,5.1,6,8.5,7.9,6.4,3.8
Colorado,5456574,2741020,50.2,2715554,49.8,333539,6.1,359884,6.6,357031,6.5,351894,6.4,382373,7,827137,15.2,737989,13.5,711031,13,352606,6.5,331518,6.1,436772,8,191972,3.5,82828,1.5,4199802,4199802,2100215,50,2099587,50,711572,711572,323620,45.5,387952,54.5,5263243,96.5,4607390,84.4,224809,4.1,49138,0.9,162880,3,9136,0.2,1164278,21.3,209890,3.8,193331,3.5,358867,2928957,249075,619957,908501,1182748,35.8,70.2,79.2,79.1,80.1,80.7,72.2,56.8,26.7,6.3,75.7,80.2,71.1,43.6,81,76.4,60.9,70.5,76,83.2,15.6,8.1,6.4,4.9,3.7,3.7,4.4,4,4,3.2,4.8,4.9,4.7,19.6,3.6,4.4,7.7,6,4.6,3
Florida,20271272,9891238,48.8,10380034,51.2,1098273,5.4,1137660,5.6,1146160,5.7,1210563,6,1284335,6.3,2593253,12.8,2463472,12.2,2743332,13.5,1359858,6.7,1289133,6.4,2185122,10.8,1228681,6.1,531430,2.6,16168283,16168283,7803581,48.3,8364702,51.7,3945233,3945233,1771351,44.9,2173882,55.1,19769416,97.5,15357374,75.8,3280778,16.2,47032,0.2,544068,2.7,11898,0.1,4962905,24.5,528266,2.6,501856,2.5,1694426,9821306,1162261,2962898,3288107,3035782,24.7,63.1,74.2,74.8,76.4,74.4,65.5,50,21,5.3,69.9,73.4,66.5,37.1,77,70.7,54.8,65.4,72.7,80,22.7,11.6,8.2,6.9,5.7,5.6,5.8,4.3,4.6,4.9,6.6,6.8,6.5,26.2,4.5,6,10,8,5.7,3.6
Georgia,10214860,4975458,48.7,5239402,51.3,649360,6.4,717436,7,709025,6.9,726627,7.1,728645,7.1,1383268,13.5,1388193,13.6,1401045,13.7,645444,6.3,563058,5.5,809315,7.9,362897,3.6,130547,1.3,7712446,7712446,3695751,47.9,4016695,52.1,1302759,1302759,563658,43.3,739101,56.7,9980736,97.7,6077438,59.5,3197929,31.3,28491,0.3,388457,3.8,4337,0,950093,9.3,284084,2.8,234124,2.3,911272,5046432,671772,1456623,1577946,1674667,24.5,59.9,72.5,74.4,76.3,74.5,65.1,48.8,22.2,6.4,69.6,73.8,65.6,39.6,76.8,70.9,51.2,64.9,72.4,82.6,24.5,13.2,8.4,6.6,5.5,4.9,4.9,3.8,4.1,4,6.5,6.3,6.8,22.7,4.6,5.7,10.5,6.9,6.2,3.1
Illinois,12859995,6310435,49.1,6549560,50.9,779666,6.1,821924,6.4,845577,6.6,857029,6.7,893861,7,1773212,13.8,1672605,13,1744768,13.6,876726,6.8,766402,6,1040206,8.1,540245,4.2,247774,1.9,9899810,9899810,4801668,48.5,5098142,51.5,1828225,1828225,791259,43.3,1036966,56.7,12564530,97.7,9238679,71.8,1844624,14.3,28792,0.2,674236,5.2,4514,0,2171988,16.9,773685,6,295465,2.3,938342,6655251,691196,1689309,2044323,2408885,29.9,65.6,77.6,78.4,78.6,78.1,70.8,54.5,24.8,6.2,73.6,77.8,69.4,37.5,79.9,74.6,55.1,67.6,75.8,84.1,22.9,12.6,7.5,5.9,5.6,5.1,5.2,4.5,3.8,3.2,6.4,6.6,6.2,27.7,4.5,5.6,10.7,8.2,5.7,3
Indiana,6619680,3253089,49.1,3366591,50.9,419209,6.3,431017,6.5,454693,6.9,466373,7,484815,7.3,842022,12.7,822598,12.4,878429,13.3,452571,6.8,402629,6.1,555659,8.4,285259,4.3,124406,1.9,5039946,5039946,2448618,48.6,2591328,51.4,965324,965324,421586,43.7,543738,56.3,6462941,97.6,5559694,84,605660,9.1,15704,0.2,138664,2.1,2602,0,439094,6.6,140617,2.1,156739,2.4,512275,3281802,354490,1087921,1049346,906492,36.3,68,76.4,77.6,78.3,77.1,70.4,54,22.8,6.1,73,77.4,68.7,40,79.7,73.7,49.8,68.9,76.3,86,16.8,9.9,7.5,5.8,4.9,4.1,3.4,2.6,2.6,2.7,5.4,5.4,5.4,23.8,3.6,4.8,12.4,5.9,4.4,2.2
Louisiana,4670724,2286299,48.9,2384425,51.1,304845,6.5,325163,7,299797,6.4,311822,6.7,333842,7.1,670600,14.4,578072,12.4,597756,12.8,312351,6.7,282868,6.1,383313,8.2,194195,4.2,76100,1.6,3554539,3554539,1711452,48.1,1843087,51.9,653608,653608,284257,43.5,369351,56.5,4573051,97.9,2914693,62.4,1502375,32.2,22645,0.5,81039,1.7,1146,0,228578,4.9,51153,1.1,97673,2.1,467442,2231865,338009,812293,704462,586883,25.3,61.1,69.5,71.9,74.5,70.6,62.6,48.6,24.1,6.8,67.2,70.1,64.3,37.1,75.6,68,43.8,63.8,72.1,82.9,23.3,12.7,8.6,8.7,5.3,4.7,4.1,3.8,2.8,2.6,6.7,7.2,6.1,23.1,4.6,5.9,12.2,6.8,6,2.6
Maryland,6006401,2912348,48.5,3094053,51.5,366627,6.1,375402,6.3,373801,6.2,387700,6.5,400385,6.7,834133,13.9,769729,12.8,868662,14.5,421380,7,361597,6,498035,8.3,243301,4.1,105649,1.8,4658669,4658669,2223758,47.7,2434911,52.3,846985,846985,365364,43.1,481621,56.9,5819107,96.9,3395048,56.5,1770161,29.5,15403,0.3,385167,6.4,2911,0,572263,9.5,250417,4.2,187294,3.1,318532,3269431,295161,779865,864970,1315505,29.4,65,78.3,79.4,81.4,81,73,59.5,29.1,7.1,75.8,78.8,72.9,35.8,81.1,77.1,58.9,70.6,76.2,85.6,17.5,11,6.3,5.6,3.9,4.1,3.8,3.7,3.7,4.3,5.1,5.3,4.9,25.9,4,4.5,9.2,6.7,4.8,2.4
Massachusetts,6794422,3297384,48.5,3497038,51.5,365383,5.4,374601,5.5,396265,5.8,456905,6.7,494624,7.3,941776,13.9,838603,12.3,976402,14.4,477635,7,428002,6.3,590043,8.7,298338,4.4,155845,2.3,5407228,5407228,2587786,47.9,2819442,52.1,1044226,1044226,448520,43,595706,57,6596038,97.1,5373238,79.1,499357,7.3,10663,0.2,430739,6.3,1410,0,757948,11.2,280631,4.1,198384,2.9,435040,3617613,296573,858688,890728,1616429,37.2,67.5,79.7,81.6,81,79.4,74.7,61.9,30.5,7.1,76.2,79.1,73.5,34.8,82.3,77.4,53.2,70.7,77.2,85.6,16.6,10,6.3,5.5,4.8,4.3,4.3,3.9,3.6,4.4,5.4,5.9,4.9,26,4,4.8,9.4,7.5,5.6,2.7
Michigan,9922576,4877067,49.2,5045509,50.8,570655,5.8,598189,6,636928,6.4,676059,6.8,712398,7.2,1221558,12.3,1175407,11.8,1375302,13.9,730014,7.4,655425,6.6,908606,9.2,458619,4.6,203416,2.1,7714752,7714752,3748128,48.6,3966624,51.4,1570641,1570641,695418,44.3,875223,55.7,9650639,97.3,7801483,78.6,1378111,13.9,53668,0.5,293157,3,3757,0,485972,4.9,120463,1.2,271937,2.7,869886,4908073,441538,1413229,1800395,1502544,34.4,68,74.9,75.5,77.2,74.5,64.5,47.3,19.8,4.7,70.1,73.8,66.4,37.7,76.9,70.4,44.5,61.6,72.9,83.3,20.4,12.1,8.3,7.3,5.9,5.3,4.5,3.6,3.9,3.5,6.7,6.9,6.4,26.2,4.4,5.9,14,8.6,5.6,2.7
Minnesota,5489594,2730030,49.7,2759564,50.3,350927,6.4,356553,6.5,361354,6.6,356969,6.5,362856,6.6,745711,13.6,675937,12.3,744590,13.6,390211,7.1,339528,6.2,451628,8.2,238759,4.3,114571,2.1,4206696,4206696,2071636,49.2,2135060,50.8,804958,804958,361152,44.9,443806,55.1,5333856,97.2,4614799,84.1,320267,5.8,55212,1,258839,4.7,1570,0,282040,5.1,83169,1.5,155738,2.8,307436,2910582,180114,651160,996644,1068059,46.7,78.8,85.5,84.1,85.7,84.2,79,60.9,26.6,5.9,81,83.7,78.3,48.6,85.1,81.3,60,74.8,82.3,87.8,11.8,7.7,4.4,3.8,2.8,3.2,3.2,2.7,3.2,3.2,3.8,4.3,3.2,16.6,2.9,3.3,9.1,4.6,3.2,2
Missouri,6083672,2983645,49,3100027,51,374370,6.2,394003,6.5,383841,6.3,410146,6.7,424100,7,796209,13.1,733744,12.1,807305,13.3,428490,7,380516,6.3,540203,8.9,286170,4.7,124575,2,4691106,4691106,2271360,48.4,2419746,51.6,950948,950948,416051,43.8,534897,56.2,5933806,97.5,5011327,82.4,709969,11.7,25808,0.4,114889,1.9,6199,0.1,240413,4,65614,1.1,149866,2.5,493624,2999033,303531,901896,1006020,934817,36.3,69.6,77.5,77.7,79.5,76.6,68.8,52.3,23.7,5.7,73.1,76.1,70.1,40.8,80,73.5,48.9,68,75.6,84.7,15.8,9,6.2,5.6,4.4,3.8,3.3,2.8,3,3.1,4.9,5.3,4.6,20.5,3.3,4.4,11.8,5.3,4.2,2.3
Nevada,2890845,1447456,50.1,1443389,49.9,176933,6.1,191233,6.6,189784,6.6,175671,6.1,189057,6.5,411910,14.2,388122,13.4,390850,13.5,181199,6.3,173974,6,264352,9.1,120527,4.2,37233,1.3,2222290,2222290,1107329,49.8,1114961,50.2,422112,422112,199464,47.3,222648,52.7,2747279,95,1952341,67.5,246720,8.5,33607,1.2,231566,8,18326,0.6,813394,28.1,264719,9.2,143566,5,231309,1481736,223977,430871,532642,358565,27.6,70.4,73.4,75.2,76.1,74.2,64.1,49.4,22.3,5.6,70.7,75.3,66,36.7,77,70.7,60.5,67.2,72.9,78.2,18.6,10.8,8.1,7.7,7.4,6.8,7.3,5.8,6.7,6.6,7.7,7.7,7.6,30.9,5.3,7.2,9.9,9,6.7,4.9
NewYork,19795791,9616592,48.6,10179199,51.4,1185088,6,1135365,5.7,1162921,5.9,1255601,6.3,1415343,7.1,2875580,14.5,2498772,12.6,2760964,13.9,1352469,6.8,1191241,6,1661791,8.4,869931,4.4,430725,2.2,15582624,15582624,7457463,47.9,8125161,52.1,2962447,2962447,1261783,42.6,1700664,57.4,19214381,97.1,12621132,63.8,3081333,15.6,69933,0.4,1672186,8.4,6446,0,3725193,18.8,1763351,8.9,581410,2.9,1653187,10229385,1298875,2641220,2759587,3979344,23.5,59.1,76,77.9,78.6,76.2,70.6,54.6,25.8,6.6,72.1,75.6,68.7,35.2,79.2,73.8,53.8,67.2,74.7,84.2,22.3,12.6,7.6,6.2,5.1,4.7,4.5,4.1,4,3.3,6.1,6.4,5.7,23.6,4.5,5.4,10.1,7,5.3,3.4
NorthCarolina,10042802,4896006,48.8,5146796,51.2,598858,6,642590,6.4,654511,6.5,678256,6.8,705943,7,1298130,12.9,1312886,13.1,1364407,13.6,670409,6.7,601267,6,906975,9,441678,4.4,166892,1.7,7754752,7754752,3724425,48,4030327,52,1515545,1515545,658879,43.5,856666,56.5,9801345,97.6,6934715,69.1,2172492,21.6,120513,1.2,268322,2.7,4990,0,911674,9.1,300313,3,241457,2.4,892464,4944788,623603,1308928,1692548,1622020,28.7,62,72.4,74.6,77,74.2,66.2,50.9,21.6,5.6,70,74.1,66,39.5,76.8,71,52.6,64.7,72.2,82.1,24,12.3,7.9,6.9,5.2,4.9,4,3.9,4.4,3.1,6.2,5.9,6.5,23.6,4.2,5.5,10.2,7.4,5.7,2.7
Ohio,11613423,5683951,48.9,5929472,51.1,689288,5.9,718862,6.2,753824,6.5,779720,6.7,775259,6.7,1486363,12.8,1400811,12.1,1575665,13.6,836258,7.2,757819,6.5,1044297,9,537991,4.6,257266,2.2,8983615,8983615,4338198,48.3,4645417,51.7,1839554,1839554,798960,43.4,1040594,56.6,11304092,97.3,9519055,82,1426291,12.3,21901,0.2,233468,2,4995,0,411202,3.5,98382,0.8,309331,2.7,941999,5757473,517123,1906842,1889691,1743260,36.7,68.8,77.6,77.4,78.2,76.2,68.6,54.1,23.9,5.9,72.7,76.2,69.2,36.7,79.8,73.1,44.8,67.6,75.5,85.1,19,11.5,7.6,6.6,5.3,4.4,3.8,3,3.8,2.2,5.9,6,5.7,27.2,3.7,5.1,13.5,6.5,5.2,2.3
Pennsylvania,12802503,6262246,48.9,6540257,51.1,714892,5.6,750131,5.9,747764,5.8,843862,6.6,850127,6.6,1648641,12.9,1501855,11.7,1774180,13.9,945070,7.4,844788,6.6,1199864,9.4,656960,5.1,324369,2.5,10110483,10110483,4883973,48.3,5226510,51.7,2181193,2181193,942140,43.2,1239053,56.8,12493132,97.6,10386678,81.1,1408512,11,25085,0.2,420116,3.3,4253,0,870209,6.8,248488,1.9,309371,2.4,902629,6481084,566566,2214245,1765295,2168428,33.7,64.5,76.8,77.7,78,77.4,71.6,56.1,25.1,6.3,72.9,76.3,69.6,34.6,79.8,74,46.5,68.4,77,84.4,19.2,11.3,7.5,5.7,5.6,4.5,3.8,3.7,3.3,3.1,5.8,6.2,5.4,25.6,4.3,5.2,13.1,6.3,5.3,2.9
Tennessee,6600299,3214689,48.7,3385610,51.3,399237,6,414645,6.3,423160,6.4,432276,6.5,457494,6.9,865801,13.1,841160,12.7,893939,13.5,459186,7,397621,6,607647,9.2,293726,4.5,114407,1.7,5106499,5106499,2454974,48.1,2651525,51.9,1015780,1015780,448323,44.1,567457,55.9,6459319,97.9,5129336,77.7,1110412,16.8,19294,0.3,107075,1.6,2909,0,333460,5.1,90293,1.4,140980,2.1,592877,3243020,404922,1123432,986507,942846,33.8,66.8,73.7,73.6,76.3,72.2,63.6,49.4,22.7,6.1,69.4,73.7,65.4,35.4,77,69.8,44.7,64.7,73.5,82.8,17.7,9.7,8.4,6.5,4.8,4.8,4,2.9,3.9,4.4,5.8,5.7,5.9,23.9,3.9,5.3,11.8,7.1,4.5,2.5
Texas,27469114,13625413,49.6,13843701,50.4,1966708,7.2,2052116,7.5,2003725,7.3,1968657,7.2,2005047,7.3,3977864,14.5,3725435,13.6,3496526,12.7,1631946,5.9,1419583,5.2,1928709,7,935127,3.4,357671,1.3,20260330,20260330,9950860,49.1,10309470,50.9,3221507,3221507,1428111,44.3,1793396,55.7,26777787,97.5,20587917,74.9,3298173,12,132948,0.5,1248823,4.5,20071,0.1,10672216,38.9,1489855,5.4,691327,2.5,2151256,13749522,2350219,3565505,4185499,4150131,28.1,64.1,74.8,74.9,76.7,76,68,54.5,26.2,7,71.7,78.1,65.3,42.6,78,72.8,59.8,67.8,74.7,82.6,18.1,9.8,6,5.4,4.3,3.9,3.8,3.4,3.3,2.7,5.1,4.9,5.3,16.9,3.9,4.5,6.5,5.6,4.6,2.7
Washington,7170351,3585221,50,3585130,50,444671,6.2,462010,6.4,434856,6.1,450710,6.3,488790,6.8,1050364,14.6,926769,12.9,948243,13.2,487492,6.8,439820,6.1,624151,8.7,285286,4,127189,1.8,5558381,5558381,2761352,49.7,2797029,50.3,1036626,1036626,473605,45.7,563021,54.3,6773113,94.5,5513655,76.9,262552,3.7,92403,1.3,568108,7.9,46453,0.6,886419,12.4,289942,4,397238,5.5,502130,3782459,341678,858893,1311385,1340732,29.9,66.1,73.8,74.8,77.8,76.6,69.1,53.5,23.7,4.4,71.9,76.8,67,35.7,77.7,72.7,58.7,65.8,71.4,81.9,19.4,10.5,6.9,6.1,4.5,4.5,3.9,3.4,3.8,4.4,5.5,5.5,5.6,24,4.1,4.9,8.9,6.5,5.4,2.9
Wisconsin,5771337,2868297,49.7,2903040,50.3,336843,5.8,366301,6.3,364306,6.3,378190,6.6,406700,7,725456,12.6,696695,12.1,798893,13.8,426763,7.4,370427,6.4,506537,8.8,267557,4.6,126669,2.2,4479298,4479298,2205411,49.2,2273887,50.8,900763,900763,403895,44.8,496868,55.2,5639636,97.7,4965524,86,362290,6.3,51752,0.9,156192,2.7,1643,0,381149,6.6,102235,1.8,131701,2.3,388529,2978895,221229,855514,1027757,913734,45.8,76.8,82.2,83.5,82.7,82,76,57,23.4,5.7,78.2,80.6,75.9,45.1,83.7,78.4,55.6,73.8,80,86.6,11.1,6.9,5.1,4,3.5,3.4,2.8,2.7,2.4,2.6,4,4.4,3.6,18.7,2.7,3.6,9.2,4.7,3.6,1.7
